Entity,Code,Day,people_vaccinated,145608-annotations
Argentina,ARG,2020-12-29,20487,
Argentina,ARG,2020-12-30,40585,
Argentina,ARG,2020-12-31,43391,
Argentina,ARG,2021-01-01,43519,
Argentina,ARG,2021-01-02,46828,
Argentina,ARG,2021-01-03,47269,
Argentina,ARG,2021-01-04,57724,
Argentina,ARG,2021-01-05,68450,
Argentina,ARG,2021-01-06,78561,
Argentina,ARG,2021-01-07,96784,
Argentina,ARG,2021-01-08,124670,
Argentina,ARG,2021-01-09,134877,
Argentina,ARG,2021-01-10,136051,
Argentina,ARG,2021-01-11,155871,
Argentina,ARG,2021-01-12,175244,
Argentina,ARG,2021-01-13,192016,
Argentina,ARG,2021-01-14,208663,
Argentina,ARG,2021-01-15,226102,
Argentina,ARG,2021-01-16,231985,
Argentina,ARG,2021-01-17,233042,
Argentina,ARG,2021-01-18,242862,
Argentina,ARG,2021-01-19,250677,
Argentina,ARG,2021-01-20,256588,
Argentina,ARG,2021-01-21,261388,
Argentina,ARG,2021-01-22,266412,
Argentina,ARG,2021-01-23,267525,
Argentina,ARG,2021-01-24,267616,
Argentina,ARG,2021-01-25,274739,
Argentina,ARG,2021-01-26,280060,
Argentina,ARG,2021-01-27,284152,
Argentina,ARG,2021-01-28,285595,
Argentina,ARG,2021-01-29,287057,
Argentina,ARG,2021-01-30,287259,
Argentina,ARG,2021-01-31,287267,
Argentina,ARG,2021-02-01,289540,
Argentina,ARG,2021-02-02,295184,
Argentina,ARG,2021-02-03,305594,
Argentina,ARG,2021-02-04,315923,
Argentina,ARG,2021-02-05,329815,
Argentina,ARG,2021-02-06,332893,
Argentina,ARG,2021-02-07,333464,
Argentina,ARG,2021-02-08,349936,
Argentina,ARG,2021-02-09,364204,
Argentina,ARG,2021-02-10,375218,
Argentina,ARG,2021-02-11,379885,
Argentina,ARG,2021-02-12,384145,
Argentina,ARG,2021-02-13,384508,
Argentina,ARG,2021-02-14,384532,
Argentina,ARG,2021-02-15,385612,
Argentina,ARG,2021-02-16,386650,
Argentina,ARG,2021-02-17,406313,
Argentina,ARG,2021-02-18,458585,
Argentina,ARG,2021-02-19,518938,
Argentina,ARG,2021-02-20,550016,
Argentina,ARG,2021-02-21,570160,
Argentina,ARG,2021-02-22,636013,
Argentina,ARG,2021-02-23,718862,
Argentina,ARG,2021-02-24,806225,
Argentina,ARG,2021-02-25,874264,
Argentina,ARG,2021-02-26,944943,
Argentina,ARG,2021-02-27,960834,
Argentina,ARG,2021-02-28,966646,
Argentina,ARG,2021-03-01,1033885,
Argentina,ARG,2021-03-02,1102316,
Argentina,ARG,2021-03-03,1166621,
Argentina,ARG,2021-03-04,1265078,
Argentina,ARG,2021-03-05,1364002,
Argentina,ARG,2021-03-06,1415155,
Argentina,ARG,2021-03-07,1426868,
Argentina,ARG,2021-03-08,1526881,
Argentina,ARG,2021-03-09,1640374,
Argentina,ARG,2021-03-10,1798027,
Argentina,ARG,2021-03-11,1952083,
Argentina,ARG,2021-03-12,2070042,
Argentina,ARG,2021-03-13,2089154,
Argentina,ARG,2021-03-14,2097086,
Argentina,ARG,2021-03-15,2206094,
Argentina,ARG,2021-03-16,2317714,
Argentina,ARG,2021-03-17,2439092,
Argentina,ARG,2021-03-18,2534644,
Argentina,ARG,2021-03-19,2624763,
Argentina,ARG,2021-03-20,2662856,
Argentina,ARG,2021-03-21,2681170,
Argentina,ARG,2021-03-22,2751461,
Argentina,ARG,2021-03-23,2845425,
Argentina,ARG,2021-03-24,2881652,
Argentina,ARG,2021-03-25,2969440,
Argentina,ARG,2021-03-26,3052631,
Argentina,ARG,2021-03-27,3104579,
Argentina,ARG,2021-03-28,3125349,
Argentina,ARG,2021-03-29,3240765,
Argentina,ARG,2021-03-30,3398490,
Argentina,ARG,2021-03-31,3568596,
Argentina,ARG,2021-04-01,3683639,
Argentina,ARG,2021-04-02,3750788,
Argentina,ARG,2021-04-03,3824728,
Argentina,ARG,2021-04-04,3873117,
Argentina,ARG,2021-04-05,4029511,
Argentina,ARG,2021-04-06,4215426,
Argentina,ARG,2021-04-07,4447323,
Argentina,ARG,2021-04-08,4678395,
Argentina,ARG,2021-04-09,4906641,
Argentina,ARG,2021-04-10,4994241,
Argentina,ARG,2021-04-11,5041037,
Argentina,ARG,2021-04-12,5214239,
Argentina,ARG,2021-04-13,5375714,
Argentina,ARG,2021-04-14,5532516,
Argentina,ARG,2021-04-15,5662500,
Argentina,ARG,2021-04-16,5778051,
Argentina,ARG,2021-04-17,5818360,
Argentina,ARG,2021-04-18,5838132,
Argentina,ARG,2021-04-19,5914241,
Argentina,ARG,2021-04-20,6021253,
Argentina,ARG,2021-04-21,6180475,
Argentina,ARG,2021-04-22,6344930,
Argentina,ARG,2021-04-23,6527067,
Argentina,ARG,2021-04-24,6617885,
Argentina,ARG,2021-04-25,6667015,
Argentina,ARG,2021-04-26,6833137,
Argentina,ARG,2021-04-27,6981728,
Argentina,ARG,2021-04-28,7117371,
Argentina,ARG,2021-04-29,7239965,
Argentina,ARG,2021-04-30,7322039,
Argentina,ARG,2021-05-01,7338843,
Argentina,ARG,2021-05-02,7364965,
Argentina,ARG,2021-05-03,7462647,
Argentina,ARG,2021-05-04,7599491,
Argentina,ARG,2021-05-05,7764397,
Argentina,ARG,2021-05-06,7902655,
Argentina,ARG,2021-05-07,8011968,
Argentina,ARG,2021-05-08,8044407,
Argentina,ARG,2021-05-09,8060004,
Argentina,ARG,2021-05-10,8137423,
Argentina,ARG,2021-05-11,8213430,
Argentina,ARG,2021-05-12,8265862,
Argentina,ARG,2021-05-13,8303529,
Argentina,ARG,2021-05-14,8343961,
Argentina,ARG,2021-05-15,8388606,
Argentina,ARG,2021-05-16,8412923,
Argentina,ARG,2021-05-17,8503022,
Argentina,ARG,2021-05-18,8657273,
Argentina,ARG,2021-05-19,8788591,
Argentina,ARG,2021-05-20,8929059,
Argentina,ARG,2021-05-21,9020622,
Argentina,ARG,2021-05-22,9077532,
Argentina,ARG,2021-05-23,9099908,
Argentina,ARG,2021-05-24,9168330,
Argentina,ARG,2021-05-25,9205253,
Argentina,ARG,2021-05-26,9294132,
Argentina,ARG,2021-05-27,9382016,
Argentina,ARG,2021-05-28,9506660,
Argentina,ARG,2021-05-29,9672864,
Argentina,ARG,2021-05-30,9785113,
Argentina,ARG,2021-05-31,10021913,
Argentina,ARG,2021-06-01,10284950,
Argentina,ARG,2021-06-02,10543040,
Argentina,ARG,2021-06-03,10857299,
Argentina,ARG,2021-06-04,11220887,
Argentina,ARG,2021-06-05,11527599,
Argentina,ARG,2021-06-06,11732238,
Argentina,ARG,2021-06-07,12037753,
Argentina,ARG,2021-06-08,12372555,
Argentina,ARG,2021-06-09,12722031,
Argentina,ARG,2021-06-10,13038709,
Argentina,ARG,2021-06-11,13359261,
Argentina,ARG,2021-06-12,13464337,
Argentina,ARG,2021-06-13,13503320,
Argentina,ARG,2021-06-14,13657498,
Argentina,ARG,2021-06-15,13831037,
Argentina,ARG,2021-06-16,14044633,
Argentina,ARG,2021-06-17,14293881,
Argentina,ARG,2021-06-18,14647931,
Argentina,ARG,2021-06-19,14859870,
Argentina,ARG,2021-06-20,14954906,
Argentina,ARG,2021-06-21,15100814,
Argentina,ARG,2021-06-22,15350504,
Argentina,ARG,2021-06-23,15584479,
Argentina,ARG,2021-06-24,15854990,
Argentina,ARG,2021-06-25,16161269,
Argentina,ARG,2021-06-26,16399740,
Argentina,ARG,2021-06-27,16554912,
Argentina,ARG,2021-06-28,16875954,
Argentina,ARG,2021-06-29,17202542,
Argentina,ARG,2021-06-30,17542062,
Argentina,ARG,2021-07-01,17857433,
Argentina,ARG,2021-07-02,18188659,
Argentina,ARG,2021-07-03,18440814,
Argentina,ARG,2021-07-04,18615485,
Argentina,ARG,2021-07-05,18851848,
Argentina,ARG,2021-07-06,19125301,
Argentina,ARG,2021-07-07,19416796,
Argentina,ARG,2021-07-08,19786903,
Argentina,ARG,2021-07-09,20040047,
Argentina,ARG,2021-07-10,20340896,
Argentina,ARG,2021-07-11,20498409,
Argentina,ARG,2021-07-12,20856607,
Argentina,ARG,2021-07-13,21222082,
Argentina,ARG,2021-07-14,21586275,
Argentina,ARG,2021-07-15,21930513,
Argentina,ARG,2021-07-16,22286519,
Argentina,ARG,2021-07-17,22515859,
Argentina,ARG,2021-07-18,22646799,
Argentina,ARG,2021-07-19,22980090,
Argentina,ARG,2021-07-20,23220411,
Argentina,ARG,2021-07-21,23543122,
Argentina,ARG,2021-07-22,23865028,
Argentina,ARG,2021-07-23,24184032,
Argentina,ARG,2021-07-24,24370506,
Argentina,ARG,2021-07-25,24496138,
Argentina,ARG,2021-07-26,24740562,
Argentina,ARG,2021-07-27,24943174,
Argentina,ARG,2021-07-28,25197658,
Argentina,ARG,2021-07-29,25430279,
Argentina,ARG,2021-07-30,25648842,
Argentina,ARG,2021-07-31,25771469,
Argentina,ARG,2021-08-01,25845305,
Argentina,ARG,2021-08-02,26022292,
Argentina,ARG,2021-08-03,26230820,
Argentina,ARG,2021-08-04,26409673,
Argentina,ARG,2021-08-05,26563190,
Argentina,ARG,2021-08-06,26694334,
Argentina,ARG,2021-08-07,26766888,
Argentina,ARG,2021-08-08,26800474,
Argentina,ARG,2021-08-09,26911625,
Argentina,ARG,2021-08-10,27014265,
Argentina,ARG,2021-08-11,27105990,
Argentina,ARG,2021-08-12,27185080,
Argentina,ARG,2021-08-13,27255916,
Argentina,ARG,2021-08-14,27293211,
Argentina,ARG,2021-08-15,27323177,
Argentina,ARG,2021-08-16,27371862,
Argentina,ARG,2021-08-17,27490816,
Argentina,ARG,2021-08-18,27598680,
Argentina,ARG,2021-08-19,27715237,
Argentina,ARG,2021-08-20,27835044,
Argentina,ARG,2021-08-21,27889388,
Argentina,ARG,2021-08-22,27912811,
Argentina,ARG,2021-08-23,28035363,
Argentina,ARG,2021-08-24,28127351,
Argentina,ARG,2021-08-25,28202394,
Argentina,ARG,2021-08-26,28275243,
Argentina,ARG,2021-08-27,28352886,
Argentina,ARG,2021-08-28,28395446,
Argentina,ARG,2021-08-29,28417417,
Argentina,ARG,2021-08-30,28509766,
Argentina,ARG,2021-08-31,28606622,
Argentina,ARG,2021-09-01,28689220,
Argentina,ARG,2021-09-02,28768254,
Argentina,ARG,2021-09-03,28833513,
Argentina,ARG,2021-09-04,28873040,
Argentina,ARG,2021-09-05,28889818,
Argentina,ARG,2021-09-06,28941529,
Argentina,ARG,2021-09-07,28996055,
Argentina,ARG,2021-09-08,29055064,
Argentina,ARG,2021-09-09,29104942,
Argentina,ARG,2021-09-10,29154708,
Argentina,ARG,2021-09-11,29180399,
Argentina,ARG,2021-09-12,29182878,
Argentina,ARG,2021-09-13,29234846,
Argentina,ARG,2021-09-14,29281344,
Argentina,ARG,2021-09-15,29317044,
Argentina,ARG,2021-09-16,29355798,
Argentina,ARG,2021-09-17,29405177,
Argentina,ARG,2021-09-18,29438734,
Argentina,ARG,2021-09-19,29458747,
Argentina,ARG,2021-09-20,29506054,
Argentina,ARG,2021-09-21,29555865,
Argentina,ARG,2021-09-22,29613176,
Argentina,ARG,2021-09-23,29783902,
Argentina,ARG,2021-09-24,29854749,
Argentina,ARG,2021-09-25,29886494,
Argentina,ARG,2021-09-26,29899595,
Argentina,ARG,2021-09-27,29954161,
Argentina,ARG,2021-09-28,30014199,
Argentina,ARG,2021-09-29,30065001,
Argentina,ARG,2021-09-30,30133725,
Argentina,ARG,2021-10-01,30196250,
Argentina,ARG,2021-10-02,30223653,
Argentina,ARG,2021-10-03,30245349,
Argentina,ARG,2021-10-04,30311124,
Argentina,ARG,2021-10-05,30420326,
Argentina,ARG,2021-10-06,30485487,
Argentina,ARG,2021-10-07,30574800,
Argentina,ARG,2021-10-08,30603818,
Argentina,ARG,2021-10-09,30617929,
Argentina,ARG,2021-10-10,30629067,
Argentina,ARG,2021-10-11,30647356,
Argentina,ARG,2021-10-12,30867367,
Argentina,ARG,2021-10-13,31129652,
Argentina,ARG,2021-10-14,31401765,
Argentina,ARG,2021-10-15,31665817,
Argentina,ARG,2021-10-16,31800295,
Argentina,ARG,2021-10-17,31852333,
Argentina,ARG,2021-10-18,32152004,
Argentina,ARG,2021-10-19,32465892,
Argentina,ARG,2021-10-20,32784812,
Argentina,ARG,2021-10-21,33073456,
Argentina,ARG,2021-10-22,33422481,
Argentina,ARG,2021-10-23,33580996,
Argentina,ARG,2021-10-24,33703416,
Argentina,ARG,2021-10-25,33955265,
Argentina,ARG,2021-10-26,34220984,
Argentina,ARG,2021-10-27,34455021,
Argentina,ARG,2021-10-28,34685182,
Argentina,ARG,2021-10-29,34888732,
Argentina,ARG,2021-10-30,34962315,
Argentina,ARG,2021-10-31,35080620,
Argentina,ARG,2021-11-01,35261743,
Argentina,ARG,2021-11-02,35389118,
Argentina,ARG,2021-11-03,35530813,
Argentina,ARG,2021-11-04,35703229,
Argentina,ARG,2021-11-05,35842977,
Argentina,ARG,2021-11-06,35905368,
Argentina,ARG,2021-11-07,35964593,
Argentina,ARG,2021-11-08,36076213,
Argentina,ARG,2021-11-09,36237121,
Argentina,ARG,2021-11-10,36328305,
Argentina,ARG,2021-11-11,36425380,
Argentina,ARG,2021-11-12,36511021,
Argentina,ARG,2021-11-13,36547916,
Argentina,ARG,2021-11-14,36550127,
Argentina,ARG,2021-11-15,36603710,
Argentina,ARG,2021-11-16,36664494,
Argentina,ARG,2021-11-17,36724678,
Argentina,ARG,2021-11-18,36789670,
Argentina,ARG,2021-11-19,36847307,
Argentina,ARG,2021-11-20,36884009,
Argentina,ARG,2021-11-21,36902714,
Argentina,ARG,2021-11-22,36928624,
Argentina,ARG,2021-11-23,37002287,
Argentina,ARG,2021-11-24,37073295,
Argentina,ARG,2021-11-25,37130990,
Argentina,ARG,2021-11-26,37193929,
Argentina,ARG,2021-11-27,37229929,
Argentina,ARG,2021-11-28,37244915,
Argentina,ARG,2021-11-29,37310220,
Argentina,ARG,2021-11-30,37382655,
Argentina,ARG,2021-12-01,37465563,
Argentina,ARG,2021-12-02,37545053,
Argentina,ARG,2021-12-03,37615406,
Argentina,ARG,2021-12-04,37647273,
Argentina,ARG,2021-12-05,37666412,
Argentina,ARG,2021-12-06,37733373,
Argentina,ARG,2021-12-07,37799745,
Argentina,ARG,2021-12-08,37826302,
Argentina,ARG,2021-12-09,37882232,
Argentina,ARG,2021-12-10,37936594,
Argentina,ARG,2021-12-11,37965515,
Argentina,ARG,2021-12-12,37978921,
Argentina,ARG,2021-12-13,38033411,
Argentina,ARG,2021-12-14,38094357,
Argentina,ARG,2021-12-15,38149752,
Argentina,ARG,2021-12-16,38205894,
Argentina,ARG,2021-12-17,38256635,
Argentina,ARG,2021-12-18,38281109,
Argentina,ARG,2021-12-19,38293579,
Argentina,ARG,2021-12-20,38344349,
Argentina,ARG,2021-12-21,38404025,
Argentina,ARG,2021-12-22,38462803,
Argentina,ARG,2021-12-23,38503595,
Argentina,ARG,2021-12-24,38505919,
Argentina,ARG,2021-12-25,38506089,
Argentina,ARG,2021-12-26,38517534,
Argentina,ARG,2021-12-27,38592677,
Argentina,ARG,2021-12-28,38669047,
Argentina,ARG,2021-12-29,38745409,
Argentina,ARG,2021-12-30,38808426,
Argentina,ARG,2021-12-31,38812641,
Argentina,ARG,2022-01-01,38813296,
Argentina,ARG,2022-01-02,38827977,
Argentina,ARG,2022-01-03,38902252,
Argentina,ARG,2022-01-04,38987059,
Argentina,ARG,2022-01-05,39075853,
Argentina,ARG,2022-01-06,39169635,
Argentina,ARG,2022-01-07,39262198,
Argentina,ARG,2022-01-08,39301773,
Argentina,ARG,2022-01-09,39323375,
Argentina,ARG,2022-01-10,39404494,
Argentina,ARG,2022-01-11,39476514,
Argentina,ARG,2022-01-12,39545737,
Argentina,ARG,2022-01-13,39607908,
Argentina,ARG,2022-01-14,39660995,
Argentina,ARG,2022-01-15,39680759,
Argentina,ARG,2022-01-16,39693079,
Argentina,ARG,2022-01-17,39747231,
Argentina,ARG,2022-01-18,39795812,
Argentina,ARG,2022-01-19,39842222,
Argentina,ARG,2022-01-20,39888302,
Argentina,ARG,2022-01-21,39931205,
Argentina,ARG,2022-01-22,39949073,
Argentina,ARG,2022-01-23,39959202,
Argentina,ARG,2022-01-24,40003904,
Argentina,ARG,2022-01-25,40045656,
Argentina,ARG,2022-01-26,40085846,
Argentina,ARG,2022-01-27,40129402,
Argentina,ARG,2022-01-28,40169352,
Argentina,ARG,2022-01-29,40185603,
Argentina,ARG,2022-01-30,40194106,
Argentina,ARG,2022-01-31,40233284,
Argentina,ARG,2022-02-01,40271873,
Argentina,ARG,2022-02-02,40305815,
Argentina,ARG,2022-02-03,40336382,
Argentina,ARG,2022-02-04,40370466,
Argentina,ARG,2022-02-05,40381884,
Argentina,ARG,2022-02-06,40389188,
Argentina,ARG,2022-02-07,40422440,
Argentina,ARG,2022-02-08,40455551,
Argentina,ARG,2022-02-09,40488230,
Argentina,ARG,2022-02-10,40518059,
Argentina,ARG,2022-02-11,40543109,
Argentina,ARG,2022-02-12,40553562,
Argentina,ARG,2022-02-13,40559324,
Argentina,ARG,2022-02-14,40585413,
Argentina,ARG,2022-02-15,40611706,
Argentina,ARG,2022-02-16,40637452,
Argentina,ARG,2022-02-17,40663474,
Argentina,ARG,2022-02-18,40688387,
Argentina,ARG,2022-02-19,40695905,
Argentina,ARG,2022-02-20,40699176,
Argentina,ARG,2022-02-21,40723258,
Argentina,ARG,2022-02-22,40748587,
Argentina,ARG,2022-02-23,40773132,
Argentina,ARG,2022-02-24,40792447,
Argentina,ARG,2022-02-25,40814796,
Argentina,ARG,2022-02-26,40820859,
Argentina,ARG,2022-02-27,40823388,
Argentina,ARG,2022-02-28,40827298,
Argentina,ARG,2022-03-01,40831293,
Argentina,ARG,2022-03-02,40844717,
Argentina,ARG,2022-03-03,40856791,
Argentina,ARG,2022-03-04,40869068,
Argentina,ARG,2022-03-05,40873044,
Argentina,ARG,2022-03-06,40874935,
Argentina,ARG,2022-03-07,40885354,
Argentina,ARG,2022-03-08,40892515,
Argentina,ARG,2022-03-09,40900116,
Argentina,ARG,2022-03-10,40911110,
Argentina,ARG,2022-03-11,40920536,
Argentina,ARG,2022-03-12,40923842,
Argentina,ARG,2022-03-13,40925169,
Argentina,ARG,2022-03-14,40933947,
Argentina,ARG,2022-03-15,40942370,
Argentina,ARG,2022-03-16,40950686,
Argentina,ARG,2022-03-17,40958593,
Argentina,ARG,2022-03-18,40965694,
Argentina,ARG,2022-03-19,40968491,
Argentina,ARG,2022-03-20,40969475,
Argentina,ARG,2022-03-21,40975767,
Argentina,ARG,2022-03-22,40982126,
Argentina,ARG,2022-03-23,40988827,
Argentina,ARG,2022-03-24,40989891,
Argentina,ARG,2022-03-25,40995558,
Argentina,ARG,2022-03-26,40997683,
Argentina,ARG,2022-03-27,40998465,
Argentina,ARG,2022-03-28,41004266,
Argentina,ARG,2022-03-29,41009666,
Argentina,ARG,2022-03-30,41014288,
Argentina,ARG,2022-03-31,41019438,
Argentina,ARG,2022-04-01,41024424,
Argentina,ARG,2022-04-02,41025770,
Argentina,ARG,2022-04-03,41026486,
Argentina,ARG,2022-04-04,41030881,
Argentina,ARG,2022-04-05,41035275,
Argentina,ARG,2022-04-06,41039611,
Argentina,ARG,2022-04-07,41043306,
Argentina,ARG,2022-04-08,41047102,
Argentina,ARG,2022-04-09,41048577,
Argentina,ARG,2022-04-10,41049179,
Argentina,ARG,2022-04-11,41052357,
Argentina,ARG,2022-04-12,41055921,
Argentina,ARG,2022-04-13,41059857,
Argentina,ARG,2022-04-14,41060792,
Argentina,ARG,2022-04-15,41061308,
Argentina,ARG,2022-04-16,41062044,
Argentina,ARG,2022-04-17,41062278,
Argentina,ARG,2022-04-18,41065782,
Argentina,ARG,2022-04-19,41069246,
Argentina,ARG,2022-04-20,41072670,
Argentina,ARG,2022-04-21,41075935,
Argentina,ARG,2022-04-22,41079081,
Argentina,ARG,2022-04-23,41080283,
Argentina,ARG,2022-04-24,41080735,
Argentina,ARG,2022-04-25,41083773,
Argentina,ARG,2022-04-26,41086685,
Argentina,ARG,2022-04-27,41089475,
Argentina,ARG,2022-04-28,41092639,
Argentina,ARG,2022-04-29,41095607,
Argentina,ARG,2022-04-30,41096528,
Argentina,ARG,2022-05-01,41096576,
Argentina,ARG,2022-05-02,41098953,
Argentina,ARG,2022-05-03,41101394,
Argentina,ARG,2022-05-04,41104260,
Argentina,ARG,2022-05-05,41108425,
Argentina,ARG,2022-05-06,41111487,
Argentina,ARG,2022-05-07,41112602,
Argentina,ARG,2022-05-08,41113028,
Argentina,ARG,2022-05-09,41115550,
Argentina,ARG,2022-05-10,41118266,
Argentina,ARG,2022-05-11,41121085,
Argentina,ARG,2022-05-12,41123790,
Argentina,ARG,2022-05-13,41126824,
Argentina,ARG,2022-05-14,41128114,
Argentina,ARG,2022-05-15,41128598,
Argentina,ARG,2022-05-16,41131079,
Argentina,ARG,2022-05-17,41134019,
Argentina,ARG,2022-05-18,41134062,
Argentina,ARG,2022-05-19,41136878,
Argentina,ARG,2022-05-20,41139968,
Argentina,ARG,2022-05-21,41141470,
Argentina,ARG,2022-05-22,41142052,
Argentina,ARG,2022-05-23,41145152,
Argentina,ARG,2022-05-24,41148213,
Argentina,ARG,2022-05-25,41148653,
Argentina,ARG,2022-05-26,41151318,
Argentina,ARG,2022-05-27,41154246,
Argentina,ARG,2022-05-28,41155690,
Argentina,ARG,2022-05-29,41156281,
Argentina,ARG,2022-05-30,41158970,
Argentina,ARG,2022-05-31,41161593,
Argentina,ARG,2022-06-01,41163546,
Argentina,ARG,2022-06-02,41165619,
Argentina,ARG,2022-06-03,41167900,
Argentina,ARG,2022-06-04,41168406,
Argentina,ARG,2022-06-05,41168552,
Argentina,ARG,2022-06-06,41170591,
Argentina,ARG,2022-06-07,41172633,
Argentina,ARG,2022-06-08,41174653,
Argentina,ARG,2022-06-09,41176792,
Argentina,ARG,2022-06-10,41178965,
Argentina,ARG,2022-06-11,41179322,
Argentina,ARG,2022-06-12,41179397,
Argentina,ARG,2022-06-13,41181465,
Argentina,ARG,2022-06-14,41183464,
Argentina,ARG,2022-06-15,41185513,
Argentina,ARG,2022-06-16,41187502,
Argentina,ARG,2022-06-17,41187743,
Argentina,ARG,2022-06-18,41187957,
Argentina,ARG,2022-06-19,41187975,
Argentina,ARG,2022-06-20,41188062,
Argentina,ARG,2022-06-21,41189735,
Argentina,ARG,2022-06-22,41191300,
Argentina,ARG,2022-06-23,41192889,
Argentina,ARG,2022-06-24,41194644,
Argentina,ARG,2022-06-25,41194986,
Argentina,ARG,2022-06-26,41195090,
Argentina,ARG,2022-06-27,41195999,
Argentina,ARG,2022-06-28,41197738,
Argentina,ARG,2022-06-29,41199322,
Argentina,ARG,2022-06-30,41200927,
Argentina,ARG,2022-07-01,41202657,
Argentina,ARG,2022-07-02,41202911,
Argentina,ARG,2022-07-03,41202993,
Argentina,ARG,2022-07-04,41204557,
Argentina,ARG,2022-07-05,41206030,
Argentina,ARG,2022-07-06,41207540,
Argentina,ARG,2022-07-07,41208877,
Argentina,ARG,2022-07-08,41210204,
Argentina,ARG,2022-07-09,41210459,
Argentina,ARG,2022-07-10,41210594,
Argentina,ARG,2022-07-11,41211847,
Argentina,ARG,2022-07-12,41213100,
Argentina,ARG,2022-07-13,41214362,
Argentina,ARG,2022-07-14,41215595,
Argentina,ARG,2022-07-15,41216676,
Argentina,ARG,2022-07-16,41216860,
Argentina,ARG,2022-07-17,41216954,
Argentina,ARG,2022-07-18,41218154,
Argentina,ARG,2022-07-19,41219466,
Argentina,ARG,2022-07-20,41220681,
Argentina,ARG,2022-07-21,41221920,
Argentina,ARG,2022-07-22,41223362,
Argentina,ARG,2022-07-23,41223569,
Argentina,ARG,2022-07-24,41223638,
Argentina,ARG,2022-07-25,41224644,
Argentina,ARG,2022-07-26,41225981,
Argentina,ARG,2022-07-27,41227285,
Argentina,ARG,2022-07-28,41228651,
Argentina,ARG,2022-07-29,41230209,
Argentina,ARG,2022-07-30,41230481,
Argentina,ARG,2022-07-31,41230620,
Argentina,ARG,2022-08-01,41231778,
Argentina,ARG,2022-08-02,41232877,
Argentina,ARG,2022-08-03,41234518,
Argentina,ARG,2022-08-04,41236494,
Argentina,ARG,2022-08-05,41239278,
Argentina,ARG,2022-08-06,41239691,
Argentina,ARG,2022-08-07,41239846,
Argentina,ARG,2022-08-08,41242151,
Argentina,ARG,2022-08-09,41244869,
Argentina,ARG,2022-08-10,41247592,
Argentina,ARG,2022-08-11,41252552,
Argentina,ARG,2022-08-12,41256967,
Argentina,ARG,2022-08-13,41257425,
Argentina,ARG,2022-08-14,41257522,
Argentina,ARG,2022-08-15,41257709,
Argentina,ARG,2022-08-16,41261148,
Argentina,ARG,2022-08-17,41263855,
Argentina,ARG,2022-08-18,41266747,
Argentina,ARG,2022-08-19,41269333,
Argentina,ARG,2022-08-20,41269623,
Argentina,ARG,2022-08-21,41269690,
Argentina,ARG,2022-08-22,41271944,
Argentina,ARG,2022-08-23,41274359,
Argentina,ARG,2022-08-24,41277058,
Argentina,ARG,2022-08-25,41279553,
Argentina,ARG,2022-08-26,41282112,
Argentina,ARG,2022-08-27,41282452,
Argentina,ARG,2022-08-28,41282544,
Argentina,ARG,2022-08-29,41284724,
Argentina,ARG,2022-08-30,41287103,
Argentina,ARG,2022-08-31,41289425,
Argentina,ARG,2022-09-01,41291909,
Argentina,ARG,2022-09-02,41292535,
Argentina,ARG,2022-09-03,41292788,
Argentina,ARG,2022-09-04,41292847,
Argentina,ARG,2022-09-05,41294899,
Argentina,ARG,2022-09-06,41297092,
Argentina,ARG,2022-09-07,41298993,
Argentina,ARG,2022-09-08,41300933,
Argentina,ARG,2022-09-09,41302938,
Argentina,ARG,2022-09-10,41303190,
Argentina,ARG,2022-09-11,41303236,
Argentina,ARG,2022-09-12,41304830,
Argentina,ARG,2022-09-13,41306480,
Argentina,ARG,2022-09-14,41308226,
Argentina,ARG,2022-09-15,41309864,
Argentina,ARG,2022-09-16,41311620,
Argentina,ARG,2022-09-17,41311828,
Argentina,ARG,2022-09-18,41311883,
Argentina,ARG,2022-09-19,41313135,
Argentina,ARG,2022-09-20,41314609,
Argentina,ARG,2022-09-21,41315817,
Argentina,ARG,2022-09-22,41317245,
Argentina,ARG,2022-09-23,41318728,
Argentina,ARG,2022-09-24,41318903,
Argentina,ARG,2022-09-25,41318932,
Argentina,ARG,2022-09-26,41320345,
Argentina,ARG,2022-09-27,41321630,
Argentina,ARG,2022-09-28,41322808,
Argentina,ARG,2022-09-29,41324086,
Argentina,ARG,2022-09-30,41325308,
Argentina,ARG,2022-10-01,41325588,
Argentina,ARG,2022-10-02,41325652,
Argentina,ARG,2022-10-03,41326965,
Argentina,ARG,2022-10-04,41328497,
Argentina,ARG,2022-10-05,41329768,
Argentina,ARG,2022-10-06,41331252,
Argentina,ARG,2022-10-07,41331426,
Argentina,ARG,2022-10-08,41331563,
Argentina,ARG,2022-10-09,41331609,
Argentina,ARG,2022-10-10,41331681,
Argentina,ARG,2022-10-11,41332806,
Argentina,ARG,2022-10-12,41334061,
Argentina,ARG,2022-10-13,41335294,
Argentina,ARG,2022-10-14,41336548,
Argentina,ARG,2022-10-15,41336684,
Argentina,ARG,2022-10-16,41336703,
Argentina,ARG,2022-10-17,41337706,
Argentina,ARG,2022-10-18,41338900,
Argentina,ARG,2022-10-19,41340181,
Argentina,ARG,2022-10-20,41341407,
Argentina,ARG,2022-10-21,41342819,
Argentina,ARG,2022-10-22,41343042,
Argentina,ARG,2022-10-23,41343100,
Argentina,ARG,2022-10-24,41344147,
Argentina,ARG,2022-10-25,41345257,
Argentina,ARG,2022-10-26,41346201,
Argentina,ARG,2022-10-27,41347381,
Argentina,ARG,2022-10-28,41348477,
Argentina,ARG,2022-10-29,41348596,
Argentina,ARG,2022-10-30,41348618,
Argentina,ARG,2022-10-31,41349483,
Argentina,ARG,2022-11-01,41349687,
Argentina,ARG,2022-11-02,41349687,
